{"Extraversion": {"n_estimators": 100, "max_depth": null, "min_samples_split": 2, "min_samples_leaf": 1, "bootstrap": true, "feature_importances_": [0.11352852901102026, 0.12227665537409992, 0.3490408194287449, 0.16908737167070795, 0.0819144811954107, 0.006612709049782402, 0.007214858081107492, 0.01529802574042637, 0.005389023994238468, 0.006562563746135939, 0.007649475152133879, 0.004548947764948133, 0.014864935095492903, 0.004544381973838006, 0.009396508278807798, 0.007555675988123756, 0.007982140403451563, 0.005194662900917811, 0.006946833237806483, 0.006142849783592061, 0.0077342679143308874, 0.007241563032210962, 0.009204632578791434, 0.01580649631811841, 0.008261592285761439]}, "Agreeableness": {"n_estimators": 100, "max_depth": null, "min_samples_split": 2, "min_samples_leaf": 1, "bootstrap": true, "feature_importances_": [0.007070775593400534, 0.008198841075987968, 0.0040056763188465825, 0.012629675561097124, 0.006666120202593173, 0.2277387187808148, 0.1237979347066168, 0.2554642088766541, 0.1345184983870057, 0.0845396793405236, 0.006163343424873999, 0.006709967998865192, 0.008214923576827715, 0.004901643362971297, 0.015446269477048385, 0.008338093364037905, 0.019581461951882165, 0.005282082717348024, 0.006024479666063998, 0.005326565235154809, 0.0057898634590777265, 0.020440880442823564, 0.008512268310841429, 0.006722199055013622, 0.00791582911362966]}, "Openness": {"n_estimators": 100, "max_depth": null, "min_samples_split": 2, "min_samples_leaf": 1, "bootstrap": true, "feature_importances_": [0.004390529759715823, 0.007636765807999154, 0.008019263481830442, 0.02925781224090465, 0.005804185113358122, 0.005061918544776234, 0.004732981546791016, 0.053209697225359086, 0.006025007194313421, 0.004679413611886371, 0.13253259885955113, 0.15795918200667988, 0.18097993618443517, 0.18025991319801388, 0.1596147447704075, 0.0054920007431001235, 0.006235750127176648, 0.004639446899127706, 0.007128405794252465, 0.005689236545276667, 0.004249146450275431, 0.004198710908713677, 0.008376242441392519, 0.008311669228225557, 0.005515441316437395]}, "Conscientiousness": {"n_estimators": 100, "max_depth": null, "min_samples_split": 2, "min_samples_leaf": 1, "bootstrap": true, "feature_importances_": [0.007588651767684992, 0.005289742414109902, 0.004670636707977141, 0.017681444293525937, 0.006907043713132339, 0.0071608710040818885, 0.004764440732341876, 0.023596016003793397, 0.004805384691505866, 0.004894779124122793, 0.00670174156340675, 0.006943258345968125, 0.017878353528155692, 0.005972643574956152, 0.006310235657726047, 0.15381765170984435, 0.17360073303389645, 0.21437303766465102, 0.10770646669170078, 0.17952228651382318, 0.007310022865730346, 0.007046626514584512, 0.011603962032964515, 0.008242220923028176, 0.005611748927287679]}, "Neuroticism": {"n_estimators": 100, "max_depth": null, "min_samples_split": 2, "min_samples_leaf": 1, "bootstrap": true, "feature_importances_": [0.014396506135345568, 0.010842943340273976, 0.005040972143821568, 0.008743306552095686, 0.004626581486648837, 0.005674941772118719, 0.004543914667514445, 0.009008461483725383, 0.0036490128585280196, 0.00430539464403133, 0.006089948614869336, 0.006227194177889472, 0.006523646642312395, 0.004142013926334517, 0.005897323447702802, 0.00606034840304105, 0.01500188477751727, 0.006524146794468275, 0.005480170825694597, 0.005582160759128168, 0.18728523122370372, 0.11832091721217612, 0.17823133087257395, 0.14542090695236562, 0.23238074028611916]}}