{"mean": [0.52225, 0.556, 0.645, 0.62925, 0.647, 0.4585000000000001, 0.7630000000000001, 0.4507500000000001, 0.7810000000000001, 0.4545, 0.71825, 0.4260000000000001, 0.8007499999999999, 0.41000000000000014, 0.7522500000000001, 0.6515000000000001, 0.58625, 0.77875, 0.5335000000000001, 0.5142500000000001, 0.6730000000000002, 0.6190000000000001, 0.7772500000000001, 0.51825, 0.5905], "scale": [0.2605857584366421, 0.2633704615176121, 0.24693116449731492, 0.2572827967431946, 0.2543442548987494, 0.2725394466861632, 0.22456847508054195, 0.2535240373219076, 0.2413275782002546, 0.2383899116992999, 0.2316612559320181, 0.2245528890929707, 0.21828751109488603, 0.220454076850486, 0.2031500369185297, 0.2403076153599798, 0.27360726872654534, 0.22956140246130227, 0.24955510413533924, 0.24899184223584517, 0.2675275686728379, 0.2423613005411549, 0.23628888568868403, 0.24832828574288512, 0.2547739193873659]}